name,age,agegroup,lang,gender,direction,story,repetition,face,chest,fcr
AB11Mi20_5M_10D,5.28,younger,NSE,Female,forward,Cinderella_2,1,0.45475113122171945,0.4705882352941177,-0.01711491442542793
AB11Mi20_5M_10D,5.28,younger,NSE,Female,forward,RedRiding_1,1,0.17108753315649866,0.6100795755968169,-0.5619694397283531
AB11Mi20_5M_10D,5.28,younger,NSE,Female,forward,RedRiding_1,2,0.28524590163934427,0.33114754098360655,-0.07446808510638295
AB11Mi20_5M_10D,5.28,younger,NSE,Female,forward,RedRiding_2,1,0.25721455457967374,0.5257214554579673,-0.342948717948718
AB11Mi20_5M_10D,5.28,younger,NSE,Female,reversed,KingMidas_1,1,0.6243243243243243,0.12567567567567567,0.6648648648648648
AB11Mi20_5M_10D,5.28,younger,NSE,Female,reversed,KingMidas_2,1,0.47325475974614684,0.25475974614687213,0.30012453300124536
AB11Mi20_5M_10D,5.28,younger,NSE,Female,reversed,ThreeBears_1,1,0.5485175202156334,0.19811320754716982,0.46931407942238257
AB11Mi20_5M_10D,5.28,younger,NSE,Female,reversed,ThreeBears_1,2,0.01858736059479554,0.16728624535315983,-0.7999999999999999
AB11Mi20_5M_10D,5.28,younger,NSE,Female,reversed,ThreeBears_2,1,0.32859680284191833,0.5719360568383659,-0.2702169625246548
an06he01_6m,6,younger,NSE,Male,forward,Cinderella_1,1,0.09020902090209021,0.6633663366336634,-0.7605839416058395
an06he01_6m,6,younger,NSE,Male,forward,Cinderella_1,2,0.49245541838134427,0.3786008230452675,0.1307086614173228
an06he01_6m,6,younger,NSE,Male,forward,Cinderella_2,1,0.5284872298624754,0.24950884086444006,0.3585858585858587
an06he01_6m,6,younger,NSE,Male,forward,Cinderella_2,2,0.5,0.25396825396825395,0.3263157894736842
an06he01_6m,6,younger,NSE,Male,forward,RedRiding_1,1,0.6585623678646935,0.33298097251585623,0.3283582089552239
an06he01_6m,6,younger,NSE,Male,forward,RedRiding_1,2,0.5118343195266272,0.22485207100591714,0.3895582329317269
an06he01_6m,6,younger,NSE,Male,forward,RedRiding_2,1,0.594420600858369,0.26394849785407726,0.38499999999999995
an06he01_6m,6,younger,NSE,Male,forward,RedRiding_2,2,0.6205673758865249,0.30673758865248224,0.338432122370937
an06he01_6m,6,younger,NSE,Male,reversed,KingMidas_1,1,0.3596730245231608,0.5422343324250681,-0.20241691842900297
an06he01_6m,6,younger,NSE,Male,reversed,KingMidas_1,2,0.5253164556962024,0.29240506329113924,0.284829721362229
an06he01_6m,6,younger,NSE,Male,reversed,KingMidas_2,1,0.5616541353383459,0.3300751879699248,0.2596964586846543
an06he01_6m,6,younger,NSE,Male,reversed,KingMidas_2,2,0.5730941704035875,0.3757847533632287,0.20793950850661627
an06he01_6m,6,younger,NSE,Male,reversed,ThreeBears_1,1,0.6938271604938271,0.17777777777777778,0.5920679886685551
an06he01_6m,6,younger,NSE,Male,reversed,ThreeBears_1,2,0.7607843137254902,0.2235294117647059,0.545816733067729
an06he01_6m,6,younger,NSE,Male,reversed,ThreeBears_2,1,0.6433172302737521,0.2560386473429952,0.43061772605192483
an06he01_6m,6,younger,NSE,Male,reversed,ThreeBears_2,2,0.3837555886736215,0.492548435171386,-0.12414965986394559
aubrey CODA 11m,10.8,older,SE,Female,forward,KingMidas_1,1,0.0022935779816513763,0.8532110091743119,-0.9946380697050937
aubrey CODA 11m,10.8,older,SE,Female,forward,KingMidas_1,2,0.17408906882591096,0.7651821862348178,-0.6293103448275863
aubrey CODA 11m,10.8,older,SE,Female,forward,KingMidas_2,1,0.4750613246116108,0.4399018806214227,0.03842716711349425
aubrey CODA 11m,10.8,older,SE,Female,forward,KingMidas_2,2,0.4828614008941878,0.3934426229508196,0.10204081632653068
aubrey CODA 11m,10.8,older,SE,Female,forward,ThreeBears_1,1,0.5317919075144508,0.44508670520231214,0.0887573964497041
aubrey CODA 11m,10.8,older,SE,Female,forward,ThreeBears_1,2,0.024309392265193366,0.9160220994475138,-0.9482961222091657
aubrey CODA 11m,10.8,older,SE,Female,forward,ThreeBears_2,1,0.3345323741007194,0.5503597122302157,-0.2439024390243902
aubrey CODA 11m,10.8,older,SE,Female,forward,ThreeBears_2,2,0.0776186887716654,0.5681989449886963,-0.7596266044340724
aubrey CODA 11m,10.8,older,SE,Female,reversed,Cinderella_1,1,0.25222024866785087,0.6092362344582594,-0.41443298969072156
aubrey CODA 11m,10.8,older,SE,Female,reversed,Cinderella_1,2,0.26755852842809363,0.520066889632107,-0.3205944798301486
aubrey CODA 11m,10.8,older,SE,Female,reversed,Cinderella_2,1,0.18122977346278316,0.7216828478964401,-0.5985663082437277
aubrey CODA 11m,10.8,older,SE,Female,reversed,Cinderella_2,2,0.16893732970027248,0.6267029972752043,-0.5753424657534246
aubrey CODA 11m,10.8,older,SE,Female,reversed,RedRiding_1,1,0,0.8949771689497716,-1
aubrey CODA 11m,10.8,older,SE,Female,reversed,RedRiding_1,2,0.06711409395973154,0.8791946308724832,-0.8581560283687943
aubrey CODA 11m,10.8,older,SE,Female,reversed,RedRiding_2,1,0.6068548387096775,0.38104838709677424,0.22857142857142856
aubrey CODA 11m,10.8,older,SE,Female,reversed,RedRiding_2,2,0.3047091412742382,0.5124653739612188,-0.25423728813559326
ca05he16_6m,6,younger,NSE,Male,forward,Cinderella_1,1,0.0031545741324921135,0.8343848580441641,-0.992467043314501
ca05he16_6m,6,younger,NSE,Male,forward,Cinderella_2,1,0.2684085510688836,0.65083135391924,-0.4160206718346254
ca05he16_6m,6,younger,NSE,Male,forward,Cinderella_2,2,0.26123595505617975,0.6601123595505618,-0.4329268292682927
ca05he16_6m,6,younger,NSE,Male,forward,RedRiding_1,1,0.2858660998937301,0.6524973432518597,-0.39071347678369195
ca05he16_6m,6,younger,NSE,Male,forward,RedRiding_1,2,0.013661202185792348,0.2650273224043716,-0.9019607843137254
ca05he16_6m,6,younger,NSE,Male,forward,RedRiding_2,2,0.5107142857142858,0.48571428571428577,0.025089605734767043
ca05he16_6m,6,younger,NSE,Male,reversed,KingMidas_2,1,0.35132482826300293,0.4906771344455348,-0.16550116550116545
ca05he16_6m,6,younger,NSE,Male,reversed,KingMidas_2,2,0.5620437956204379,0.3667883211678832,0.21021611001964638
ca05he16_6m,6,younger,NSE,Male,reversed,ThreeBears_1,1,0.12735849056603774,0.8191823899371071,-0.7308970099667774
ca05he16_6m,6,younger,NSE,Male,reversed,ThreeBears_1,2,0.1094224924012158,0.7781155015197567,-0.7534246575342465
ca05he16_6m,6,younger,NSE,Male,reversed,ThreeBears_2,1,0.23364485981308414,0.6392523364485982,-0.46466809421841543
ca05he16_6m,6,younger,NSE,Male,reversed,ThreeBears_2,2,8.635578583765112e-4,0.8290155440414507,-0.9979188345473464
CR03TA11_12M_29D,13.200000000000001,older,NSE,Male,forward,Cinderella_1,1,0.2961783439490446,0.5796178343949044,-0.32363636363636367
CR03TA11_12M_29D,13.200000000000001,older,NSE,Male,forward,Cinderella_1,2,0.0984251968503937,0.6998031496062992,-0.753390875462392
CR03TA11_12M_29D,13.200000000000001,older,NSE,Male,forward,Cinderella_2,1,0.009174311926605505,0.9036697247706422,-0.9798994974874373
CR03TA11_12M_29D,13.200000000000001,older,NSE,Male,forward,Cinderella_2,2,0.278372591006424,0.48394004282655245,-0.2696629213483146
CR03TA11_12M_29D,13.200000000000001,older,NSE,Male,forward,RedRiding_1,1,0.5588235294117647,0.3514705882352941,0.2277867528271406
CR03TA11_12M_29D,13.200000000000001,older,NSE,Male,forward,RedRiding_1,2,0.5193298969072165,0.3943298969072165,0.13681241184767282
CR03TA11_12M_29D,13.200000000000001,older,NSE,Male,forward,RedRiding_2,1,0.3926829268292683,0.41219512195121955,-0.024242424242424263
CR03TA11_12M_29D,13.200000000000001,older,NSE,Male,forward,RedRiding_2,2,0.6149068322981367,0.3788819875776398,0.2375
CR03TA11_12M_29D,13.200000000000001,older,NSE,Male,reversed,KingMidas_1,1,0.2101661779081134,0.7096774193548386,-0.543039319872476
CR03TA11_12M_29D,13.200000000000001,older,NSE,Male,reversed,KingMidas_1,2,0.5308370044052864,0.45154185022026433,0.08071748878923767
CR03TA11_12M_29D,13.200000000000001,older,NSE,Male,reversed,KingMidas_2,1,0.25955555555555554,0.6186666666666667,-0.40890688259109315
CR03TA11_12M_29D,13.200000000000001,older,NSE,Male,reversed,KingMidas_2,2,0.6122961104140526,0.22208281053952322,0.46766917293233073
CR03TA11_12M_29D,13.200000000000001,older,NSE,Male,reversed,ThreeBears_1,1,0.3671988388969521,0.5065312046444121,-0.15946843853820597
CR03TA11_12M_29D,13.200000000000001,older,NSE,Male,reversed,ThreeBears_1,2,0.2665706051873199,0.38904899135446686,-0.18681318681318676
CR03TA11_12M_29D,13.200000000000001,older,NSE,Male,reversed,ThreeBears_2,1,0.08995633187772926,0.8497816593886464,-0.808550185873606
CR03TA11_12M_29D,13.200000000000001,older,NSE,Male,reversed,ThreeBears_2,2,0.2785208497246263,0.6522423288749016,-0.4015215553677091
de02wi15_12m_10d,12,older,NSE,Male,forward,Cinderella_1,1,0.047058823529411764,0.9254901960784313,-0.903225806451613
de02wi15_12m_10d,12,older,NSE,Male,forward,Cinderella_1,2,0.18958333333333333,0.7270833333333333,-0.5863636363636363
de02wi15_12m_10d,12,older,NSE,Male,forward,Cinderella_2,1,0.20955882352941177,0.7904411764705883,-0.5808823529411765
de02wi15_12m_10d,12,older,NSE,Male,forward,Cinderella_2,2,0,0.9757785467128028,-1
de02wi15_12m_10d,12,older,NSE,Male,forward,RedRiding_1,1,0.16317991631799164,0.8033472803347281,-0.6623376623376623
de02wi15_12m_10d,12,older,NSE,Male,forward,RedRiding_1,2,0.12048192771084337,0.7332185886402753,-0.7177419354838711
de02wi15_12m_10d,12,older,NSE,Male,forward,RedRiding_2,1,0.05090311986863711,0.819376026272578,-0.8830188679245282
de02wi15_12m_10d,12,older,NSE,Male,forward,RedRiding_2,2,0.24937027707808562,0.7506297229219143,-0.5012594458438286
de02wi15_12m_10d,12,older,NSE,Male,reversed,KingMidas_1,1,0.40863787375415284,0.5448504983388704,-0.14285714285714285
de02wi15_12m_10d,12,older,NSE,Male,reversed,KingMidas_1,2,0.36186186186186187,0.49849849849849853,-0.15881326352530542
de02wi15_12m_10d,12,older,NSE,Male,reversed,KingMidas_2,1,0.16517857142857145,0.6830357142857144,-0.6105263157894738
de02wi15_12m_10d,12,older,NSE,Male,reversed,KingMidas_2,2,0.31826401446654606,0.488245931283906,-0.21076233183856508
de02wi15_12m_10d,12,older,NSE,Male,reversed,ThreeBears_1,1,0.5230125523012552,0.24476987447698745,0.3623978201634877
de02wi15_12m_10d,12,older,NSE,Male,reversed,ThreeBears_1,2,0.18214285714285713,0.6,-0.5342465753424657
de02wi15_12m_10d,12,older,NSE,Male,reversed,ThreeBears_2,1,0.14782608695652175,0.7495652173913043,-0.6705426356589147
de02wi15_12m_10d,12,older,NSE,Male,reversed,ThreeBears_2,2,0.2613784135240572,0.5916775032509752,-0.38719512195121947
desmond,6,younger,NSE,Male,forward,KingMidas_1,1,0,0.9516358463726886,-1
desmond,6,younger,NSE,Male,forward,KingMidas_2,2,0.024973985431841834,0.41103017689906346,-0.8854415274463008
desmond,6,younger,NSE,Male,forward,ThreeBears_1,1,0.3031026252983294,0.5334128878281623,-0.27532097004279604
desmond,6,younger,NSE,Male,forward,ThreeBears_1,2,0.36701337295690933,0.31203566121842496,0.08096280087527348
desmond,6,younger,NSE,Male,forward,ThreeBears_2,1,0.3450635386119257,0.4418377321603128,-0.12298136645962737
desmond,6,younger,NSE,Male,forward,ThreeBears_2,2,0.4051383399209486,0.5583003952569169,-0.15897435897435888
desmond,6,younger,NSE,Male,reversed,Cinderella_2,1,0.6607495069033531,0.14003944773175545,0.6502463054187191
desmond,6,younger,NSE,Male,reversed,Cinderella_2,2,0.17866004962779156,0.813895781637717,-0.6399999999999999
desmond,6,younger,NSE,Male,reversed,RedRiding_1,1,0.4049079754601227,0.5444785276073619,-0.14701130856219707
desmond,6,younger,NSE,Male,reversed,RedRiding_1,2,0.1453125,0.7390625,-0.6713780918727916
desmond,6,younger,NSE,Male,reversed,RedRiding_2,1,0.11097099621689785,0.39344262295081966,-0.5599999999999999
desmond,6,younger,NSE,Male,reversed,RedRiding_2,2,0.27095808383233533,0.2230538922155689,0.09696969696969687
DY10PE27_6m_11d_m,6.36,younger,NSE,Male,forward,KingMidas_1,1,0.673015873015873,0.20952380952380953,0.5251798561151079
DY10PE27_6m_11d_m,6.36,younger,NSE,Male,forward,KingMidas_1,2,0.4390909090909091,0.3763636363636364,0.07692307692307687
DY10PE27_6m_11d_m,6.36,younger,NSE,Male,forward,KingMidas_2,1,0.6345123258306538,0.1264737406216506,0.6676056338028168
DY10PE27_6m_11d_m,6.36,younger,NSE,Male,forward,KingMidas_2,2,0.565359477124183,0.32843137254901966,0.2650822669104204
DY10PE27_6m_11d_m,6.36,younger,NSE,Male,forward,ThreeBears_1,1,0.8132022471910112,0.14747191011235955,0.6929824561403508
DY10PE27_6m_11d_m,6.36,younger,NSE,Male,forward,ThreeBears_1,2,0.7962555066079294,0.13215859030837004,0.7153024911032028
DY10PE27_6m_11d_m,6.36,younger,NSE,Male,forward,ThreeBears_2,2,0.6206896551724137,0.1856763925729443,0.5394736842105262
DY10PE27_6m_11d_m,6.36,younger,NSE,Male,reversed,Cinderella_1,1,0.716,0.05299999999999999,0.8621586475942784
DY10PE27_6m_11d_m,6.36,younger,NSE,Male,reversed,Cinderella_2,1,0.655860349127182,0.10224438902743141,0.730263157894737
DY10PE27_6m_11d_m,6.36,younger,NSE,Male,reversed,RedRiding_1,1,0.36685288640595903,0.31098696461824954,0.08241758241758242
DY10PE27_6m_11d_m,6.36,younger,NSE,Male,reversed,RedRiding_2,1,0.43978494623655917,0.45161290322580644,-0.013268998793727334
farhad0327_12m,12,older,NSE,Male,forward,KingMidas_1,1,0.009633911368015413,0.3699421965317919,-0.9492385786802031
farhad0327_12m,12,older,NSE,Male,forward,KingMidas_1,2,0.06193078324225865,0.8861566484517305,-0.8693563880883766
farhad0327_12m,12,older,NSE,Male,forward,KingMidas_2,1,0.48361310951239006,0.39568345323741005,0.09999999999999999
farhad0327_12m,12,older,NSE,Male,forward,KingMidas_2,2,0.23518850987432674,0.6104129263913824,-0.44373673036093425
farhad0327_12m,12,older,NSE,Male,forward,ThreeBears_1,1,0.5248070562293274,0.39029768467475195,0.14698795180722887
farhad0327_12m,12,older,NSE,Male,forward,ThreeBears_1,2,0.4245901639344263,0.48524590163934433,-0.06666666666666668
farhad0327_12m,12,older,NSE,Male,forward,ThreeBears_2,1,0.5220338983050847,0.33785310734463275,0.21419185282522998
farhad0327_12m,12,older,NSE,Male,forward,ThreeBears_2,2,0.5330434782608695,0.3834782608695652,0.16318785578747622
farhad0327_12m,12,older,NSE,Male,reversed,Cinderella_1,1,0.6542338709677421,0.22883064516129034,0.4817351598173516
farhad0327_12m,12,older,NSE,Male,reversed,Cinderella_1,2,0.28493647912885667,0.7096188747731398,-0.42700729927007297
farhad0327_12m,12,older,NSE,Male,reversed,Cinderella_2,1,0.4773175542406312,0.5226824457593688,-0.04536489151873763
farhad0327_12m,12,older,NSE,Male,reversed,Cinderella_2,2,0.258893280632411,0.741106719367589,-0.48221343873517797
farhad0327_12m,12,older,NSE,Male,reversed,RedRiding_1,1,0.1968503937007874,0.6645669291338583,-0.5429616087751371
farhad0327_12m,12,older,NSE,Male,reversed,RedRiding_1,2,0.6214574898785425,0.37651821862348184,0.24543610547667338
farhad0327_12m,12,older,NSE,Male,reversed,RedRiding_2,1,0.39668508287292814,0.6011049723756906,-0.2048726467331119
farhad0327_12m,12,older,NSE,Male,reversed,RedRiding_2,2,0.04736842105263158,0.8421052631578948,-0.8934911242603549
GemmaF_11_4_13_CODA,13.200000000000001,older,SE,Female,forward,Cinderella_1,1,0.8374233128834355,0.13190184049079753,0.7278481012658228
GemmaF_11_4_13_CODA,13.200000000000001,older,SE,Female,forward,Cinderella_1,2,0.9370904325032765,0,1
GemmaF_11_4_13_CODA,13.200000000000001,older,SE,Female,forward,Cinderella_2,1,0.8846153846153846,0.002403846153846154,0.994579945799458
GemmaF_11_4_13_CODA,13.200000000000001,older,SE,Female,forward,Cinderella_2,2,0.8199052132701421,0.002369668246445498,0.9942363112391932
GemmaF_11_4_13_CODA,13.200000000000001,older,SE,Female,forward,RedRiding_1,1,0.9541284403669725,0.04036697247706422,0.9188191881918819
GemmaF_11_4_13_CODA,13.200000000000001,older,SE,Female,forward,RedRiding_1,2,0.7480916030534351,0.14312977099236646,0.6788008565310492
GemmaF_11_4_13_CODA,13.200000000000001,older,SE,Female,reversed,KingMidas_2,1,0.8432900432900432,0.09783549783549783,0.7920883164673413
GemmaF_11_4_13_CODA,13.200000000000001,older,SE,Female,reversed,KingMidas_2,2,0.8859784283513097,0.0030816640986132513,0.9930675909878683
GemmaF_11_4_13_CODA,13.200000000000001,older,SE,Female,reversed,ThreeBears_1,2,0.8854166666666666,0.11458333333333334,0.7708333333333333
GemmaF_11_4_13_CODA,13.200000000000001,older,SE,Female,reversed,ThreeBears_2,1,0.9529914529914529,0.025641025641025644,0.9475982532751092
Hannah_CODA_7m,6.959999999999999,younger,SE,Female,forward,Cinderella_1,1,0.49538461538461537,0.12,0.61
Hannah_CODA_7m,6.959999999999999,younger,SE,Female,forward,Cinderella_1,2,0.2590361445783133,0.3614457831325302,-0.16504854368932034
Hannah_CODA_7m,6.959999999999999,younger,SE,Female,forward,Cinderella_2,1,0.7323651452282158,0.09336099585062241,0.7738693467336684
Hannah_CODA_7m,6.959999999999999,younger,SE,Female,forward,Cinderella_2,2,0.3853904282115869,0.43576826196473556,-0.06134969325153376
Hannah_CODA_7m,6.959999999999999,younger,SE,Female,forward,RedRiding_1,1,0.6957708049113234,0.24010914051841745,0.4868804664723032
Hannah_CODA_7m,6.959999999999999,younger,SE,Female,forward,RedRiding_1,2,0.5237113402061855,0.2783505154639174,0.30591259640102836
Hannah_CODA_7m,6.959999999999999,younger,SE,Female,forward,RedRiding_2,1,0.26329113924050634,0.518987341772152,-0.3268608414239483
Hannah_CODA_7m,6.959999999999999,younger,SE,Female,reversed,KingMidas_1,1,0.3853317811408615,0.508731082654249,-0.13802083333333326
Hannah_CODA_7m,6.959999999999999,younger,SE,Female,reversed,KingMidas_2,1,0.7212806026365348,0.20527306967984932,0.5569105691056911
Hannah_CODA_7m,6.959999999999999,younger,SE,Female,reversed,KingMidas_2,2,0.7933884297520661,0.17148760330578514,0.6445396145610278
Hannah_CODA_7m,6.959999999999999,younger,SE,Female,reversed,ThreeBears_1,1,0.4199475065616798,0.14435695538057738,0.488372093023256
Hannah_CODA_7m,6.959999999999999,younger,SE,Female,reversed,ThreeBears_1,2,0.41603053435114506,0.2748091603053435,0.20441988950276246
Hannah_CODA_7m,6.959999999999999,younger,SE,Female,reversed,ThreeBears_2,1,0.7796188898094449,0.14333057166528584,0.6894075403949731
Hannah_CODA_7m,6.959999999999999,younger,SE,Female,reversed,ThreeBears_2,2,0.23382045929018788,0.5323590814196242,-0.3896457765667574
ke11es12_7m_MomTerp,6.959999999999999,younger,SE,Female,forward,KingMidas_1,1,0.4642857142857143,0.06318681318681318,0.7604166666666666
ke11es12_7m_MomTerp,6.959999999999999,younger,SE,Female,forward,KingMidas_2,1,0.8132969034608379,0.0692167577413479,0.8431372549019607
ke11es12_7m_MomTerp,6.959999999999999,younger,SE,Female,forward,KingMidas_2,2,0.8938271604938272,0.06502057613168724,0.8643776824034335
ke11es12_7m_MomTerp,6.959999999999999,younger,SE,Female,forward,ThreeBears_1,1,0.7731239092495636,0.1727748691099476,0.6346863468634688
ke11es12_7m_MomTerp,6.959999999999999,younger,SE,Female,forward,ThreeBears_2,1,0.7264296754250386,0.04791344667697063,0.87624750499002
ke11es12_7m_MomTerp,6.959999999999999,younger,SE,Female,forward,ThreeBears_2,2,0.9422492401215805,0.0121580547112462,0.9745222929936306
ke11es12_7m_MomTerp,6.959999999999999,younger,SE,Female,reversed,Cinderella_1,2,0.33509234828496043,0.6490765171503957,-0.3190348525469168
ke11es12_7m_MomTerp,6.959999999999999,younger,SE,Female,reversed,Cinderella_2,1,0.8092243186582809,0.16142557651991613,0.6673866090712745
ke11es12_7m_MomTerp,6.959999999999999,younger,SE,Female,reversed,Cinderella_2,2,0.40086206896551724,0.41379310344827586,-0.01587301587301587
ke11es12_7m_MomTerp,6.959999999999999,younger,SE,Female,reversed,RedRiding_1,1,0.6189591078066914,0.362453531598513,0.2613636363636363
ke11es12_7m_MomTerp,6.959999999999999,younger,SE,Female,reversed,RedRiding_2,1,0.8553846153846154,0.08615384615384616,0.8169934640522876
ke11es12_7m_MomTerp,6.959999999999999,younger,SE,Female,reversed,RedRiding_2,2,0.42168674698795183,0.572289156626506,-0.1515151515151515
LA11BA11_5M_24D,5.76,younger,NSE,Female,forward,Cinderella_1,1,0.3302872062663185,0.1723237597911227,0.3142857142857144
LA11BA11_5M_24D,5.76,younger,NSE,Female,forward,Cinderella_1,2,0.029411764705882353,0.9019607843137254,-0.9368421052631579
LA11BA11_5M_24D,5.76,younger,NSE,Female,forward,Cinderella_2,2,0.07838983050847459,0.8411016949152542,-0.8294930875576036
LA11BA11_5M_24D,5.76,younger,NSE,Female,forward,RedRiding_1,1,0.6535211267605634,0.30140845070422534,0.3687315634218289
LA11BA11_5M_24D,5.76,younger,NSE,Female,forward,RedRiding_1,2,0.38247566063977745,0.49235048678720444,-0.12559618441971385
LA11BA11_5M_24D,5.76,younger,NSE,Female,forward,RedRiding_2,1,0.4852216748768473,0.29556650246305416,0.24290220820189282
LA11BA11_5M_24D,5.76,younger,NSE,Female,forward,RedRiding_2,2,0.6790123456790123,0.07407407407407407,0.8032786885245902
LA11BA11_5M_24D,5.76,younger,NSE,Female,reversed,KingMidas_1,1,0.238403451995685,0.6148867313915858,-0.4412136536030341
LA11BA11_5M_24D,5.76,younger,NSE,Female,reversed,KingMidas_1,2,0.43916349809885935,0.4125475285171103,0.03125000000000001
LA11BA11_5M_24D,5.76,younger,NSE,Female,reversed,KingMidas_2,1,0.23397075365579303,0.3498312710911136,-0.1984585741811175
LA11BA11_5M_24D,5.76,younger,NSE,Female,reversed,KingMidas_2,2,0.5181086519114688,0.2243460764587525,0.39566395663956644
LA11BA11_5M_24D,5.76,younger,NSE,Female,reversed,ThreeBears_1,1,0.3276643990929705,0.24603174603174605,0.14229249011857703
LA11BA11_5M_24D,5.76,younger,NSE,Female,reversed,ThreeBears_1,2,0.5045871559633027,0.1834862385321101,0.4666666666666666
LA11BA11_5M_24D,5.76,younger,NSE,Female,reversed,ThreeBears_2,1,0.4898291293734744,0.31570382424735555,0.21616161616161622
LA11BA11_5M_24D,5.76,younger,NSE,Female,reversed,ThreeBears_2,2,0.607187112763321,0.3246592317224288,0.30319148936170215
Miles_14m_SE,14.399999999999999,older,SE,Male,forward,Cinderella_1,1,0.059800664451827246,0.7142857142857143,-0.8454935622317595
Miles_14m_SE,14.399999999999999,older,SE,Male,forward,Cinderella_1,2,0.11528150134048257,0.6702412868632708,-0.7064846416382253
Miles_14m_SE,14.399999999999999,older,SE,Male,forward,Cinderella_2,1,0.18733509234828494,0.7598944591029022,-0.6044568245125348
Miles_14m_SE,14.399999999999999,older,SE,Male,forward,Cinderella_2,2,0.3759842519685039,0.4960629921259842,-0.1376975169300226
Miles_14m_SE,14.399999999999999,older,SE,Male,forward,RedRiding_1,1,0.46905537459283386,0.45494028230184586,0.015276145710928267
Miles_14m_SE,14.399999999999999,older,SE,Male,forward,RedRiding_1,2,0.5121293800539083,0.4043126684636118,0.11764705882352942
Miles_14m_SE,14.399999999999999,older,SE,Male,forward,RedRiding_2,1,0.38963963963963966,0.2432432432432432,0.2313167259786478
Miles_14m_SE,14.399999999999999,older,SE,Male,forward,RedRiding_2,2,0.26492537313432835,0.6007462686567164,-0.3879310344827586
Miles_14m_SE,14.399999999999999,older,SE,Male,reversed,KingMidas_1,1,0.28270676691729324,0.4902255639097744,-0.2684824902723735
Miles_14m_SE,14.399999999999999,older,SE,Male,reversed,KingMidas_1,2,0.12741935483870967,0.5467741935483871,-0.6220095693779903
Miles_14m_SE,14.399999999999999,older,SE,Male,reversed,KingMidas_2,1,0.48129675810473815,0.42518703241895256,0.06189821182943611
Miles_14m_SE,14.399999999999999,older,SE,Male,reversed,KingMidas_2,2,0.3798342541436464,0.38535911602209943,-0.007220216606498177
Miles_14m_SE,14.399999999999999,older,SE,Male,reversed,ThreeBears_1,1,0.24418604651162792,0.7054263565891474,-0.4857142857142858
Miles_14m_SE,14.399999999999999,older,SE,Male,reversed,ThreeBears_1,2,0.15127388535031847,0.447452229299363,-0.4946808510638297
Miles_14m_SE,14.399999999999999,older,SE,Male,reversed,ThreeBears_2,1,0.073015873015873,0.7576719576719577,-0.824203821656051
Miles_14m_SE,14.399999999999999,older,SE,Male,reversed,ThreeBears_2,2,0.06666666666666667,0.6666666666666666,-0.8181818181818182
pa09ha06_9m_6d_m,9.600000000000001,older,NSE,Male,forward,KingMidas_1,1,0.15360501567398122,0.7319749216300941,-0.6530973451327433
pa09ha06_9m_6d_m,9.600000000000001,older,NSE,Male,forward,KingMidas_2,1,0.5216881594372802,0.2567409144196952,0.3403614457831325
pa09ha06_9m_6d_m,9.600000000000001,older,NSE,Male,forward,ThreeBears_1,1,0.4031830238726791,0.5702917771883288,-0.17166212534059927
pa09ha06_9m_6d_m,9.600000000000001,older,NSE,Male,forward,ThreeBears_1,2,0,0.8240469208211143,-1
pa09ha06_9m_6d_m,9.600000000000001,older,NSE,Male,forward,ThreeBears_2,1,0.34966378482228627,0.34005763688760804,0.013927576601671364
pa09ha06_9m_6d_m,9.600000000000001,older,NSE,Male,forward,ThreeBears_2,2,0.44984802431610943,0.5288753799392097,-0.08074534161490683
pa09ha06_9m_6d_m,9.600000000000001,older,NSE,Male,reversed,Cinderella_1,1,0.24836601307189543,0.49019607843137253,-0.327433628318584
pa09ha06_9m_6d_m,9.600000000000001,older,NSE,Male,reversed,Cinderella_2,2,0.20454545454545459,0.7045454545454546,-0.5499999999999999
pa09ha06_9m_6d_m,9.600000000000001,older,NSE,Male,reversed,RedRiding_1,2,0.011673151750972763,0.9182879377431907,-0.9748953974895398
pa09ha06_9m_6d_m,9.600000000000001,older,NSE,Male,reversed,RedRiding_2,1,0.5063938618925832,0.3248081841432225,0.21846153846153854
pa09ha06_9m_6d_m,9.600000000000001,older,NSE,Male,reversed,RedRiding_2,2,0.42190889370932755,0.5086767895878525,-0.0932400932400932
Parker 6 m SIGNING,7.68,younger,SE,Male,forward,Cinderella_1,1,0.6354775828460039,0.15984405458089668,0.5980392156862745
Parker 6 m SIGNING,7.68,younger,SE,Male,forward,Cinderella_1,2,0.39999999999999997,0.3446153846153846,0.07438016528925617
Parker 6 m SIGNING,7.68,younger,SE,Male,forward,Cinderella_2,2,0.7379807692307693,0.17788461538461536,0.6115485564304464
Parker 6 m SIGNING,7.68,younger,SE,Male,forward,RedRiding_1,1,0.42857142857142855,0.4285714285714285,6.476300976980081e-17
Parker 6 m SIGNING,7.68,younger,SE,Male,forward,RedRiding_1,2,0.7472924187725632,0.08664259927797835,0.7922077922077922
Parker 6 m SIGNING,7.68,younger,SE,Male,forward,RedRiding_2,1,0.7047619047619048,0.09523809523809525,0.761904761904762
Parker 6 m SIGNING,7.68,younger,SE,Male,forward,RedRiding_2,2,0.6908866995073892,0.04310344827586207,0.8825503355704697
Parker 6 m SIGNING,7.68,younger,SE,Male,reversed,KingMidas_1,1,0.10576923076923078,0.25,-0.4054054054054054
Parker 6 m SIGNING,7.68,younger,SE,Male,reversed,KingMidas_1,2,0.8005148005148004,0.06435006435006435,0.8511904761904763
Parker 6 m SIGNING,7.68,younger,SE,Male,reversed,KingMidas_2,1,0.5346715328467153,0.3047445255474453,0.2739130434782608
Parker 6 m SIGNING,7.68,younger,SE,Male,reversed,KingMidas_2,2,0.7402376910016978,0.15619694397283532,0.6515151515151515
Parker 6 m SIGNING,7.68,younger,SE,Male,reversed,ThreeBears_1,1,0.6772151898734178,0.24556962025316456,0.467764060356653
Parker 6 m SIGNING,7.68,younger,SE,Male,reversed,ThreeBears_1,2,0.37521815008726,0.34904013961605584,0.036144578313252976
Parker 6 m SIGNING,7.68,younger,SE,Male,reversed,ThreeBears_2,1,0.8852657004830917,0.033816425120772944,0.926412614980289
Parker 6 m SIGNING,7.68,younger,SE,Male,reversed,ThreeBears_2,2,0.39503619441571874,0.4694932781799379,-0.08612440191387552
Penn 6 months SIGN EXPOSED,7.68,younger,SE,Male,forward,KingMidas_1,1,0.8055987558320372,0.15396578538102643,0.679092382495948
Penn 6 months SIGN EXPOSED,7.68,younger,SE,Male,forward,KingMidas_1,2,0.3686440677966102,0.5960451977401131,-0.23572474377745248
Penn 6 months SIGN EXPOSED,7.68,younger,SE,Male,forward,KingMidas_2,1,0.3787202380952381,0.496279761904762,-0.13435374149659873
Penn 6 months SIGN EXPOSED,7.68,younger,SE,Male,forward,KingMidas_2,2,0.6177474402730375,0.3321956769055745,0.3005988023952096
Penn 6 months SIGN EXPOSED,7.68,younger,SE,Male,forward,ThreeBears_1,1,0.5864661654135338,0.30451127819548873,0.3164556962025316
Penn 6 months SIGN EXPOSED,7.68,younger,SE,Male,forward,ThreeBears_1,2,0.9391143911439115,0.05904059040590406,0.8817005545286507
Penn 6 months SIGN EXPOSED,7.68,younger,SE,Male,forward,ThreeBears_2,1,0.8127490039840637,0.149402390438247,0.6894409937888198
Penn 6 months SIGN EXPOSED,7.68,younger,SE,Male,forward,ThreeBears_2,2,0.6592526690391459,0.11120996441281138,0.7113163972286374
Penn 6 months SIGN EXPOSED,7.68,younger,SE,Male,reversed,Cinderella_1,1,0.8366445916114791,0.1611479028697572,0.6769911504424778
Penn 6 months SIGN EXPOSED,7.68,younger,SE,Male,reversed,Cinderella_1,2,0.7272727272727273,0.1396103896103896,0.6779026217228464
Penn 6 months SIGN EXPOSED,7.68,younger,SE,Male,reversed,Cinderella_2,1,0.9008264462809918,0.01652892561983471,0.9639639639639641
Penn 6 months SIGN EXPOSED,7.68,younger,SE,Male,reversed,Cinderella_2,2,1,0,1
Penn 6 months SIGN EXPOSED,7.68,younger,SE,Male,reversed,RedRiding_1,1,0.7526041666666666,0.17708333333333334,0.619047619047619
Penn 6 months SIGN EXPOSED,7.68,younger,SE,Male,reversed,RedRiding_1,2,0.774480712166172,0.18249258160237386,0.6186046511627908
Penn 6 months SIGN EXPOSED,7.68,younger,SE,Male,reversed,RedRiding_2,1,0.7407407407407407,0.2536475869809203,0.4898419864559819
Penn 6 months SIGN EXPOSED,7.68,younger,SE,Male,reversed,RedRiding_2,2,0.8477272727272727,0.08522727272727273,0.8172959805115713
ri03es08_boy_5.5m,5.5200000000000005,younger,NSE,Male,forward,Cinderella_1,1,0.0024390243902439024,0.675609756097561,-0.9928057553956835
ri03es08_boy_5.5m,5.5200000000000005,younger,NSE,Male,forward,Cinderella_1,2,0.26811594202898553,0.5289855072463769,-0.3272727272727273
ri03es08_boy_5.5m,5.5200000000000005,younger,NSE,Male,forward,Cinderella_2,1,0.2746987951807229,0.7204819277108434,-0.44794188861985473
ri03es08_boy_5.5m,5.5200000000000005,younger,NSE,Male,forward,Cinderella_2,2,0.14454976303317535,0.6919431279620853,-0.6543909348441926
ri03es08_boy_5.5m,5.5200000000000005,younger,NSE,Male,forward,RedRiding_1,1,0.4752293577981651,0.46605504587155955,0.009746588693957175
ri03es08_boy_5.5m,5.5200000000000005,younger,NSE,Male,forward,RedRiding_1,2,0.037296037296037296,0.7156177156177155,-0.9009287925696595
ri03es08_boy_5.5m,5.5200000000000005,younger,NSE,Male,forward,RedRiding_2,2,0.4143947655398037,0.41875681570338064,-0.005235602094240903
ri03es08_boy_5.5m,5.5200000000000005,younger,NSE,Male,reversed,KingMidas_1,1,0,0.9673024523160763,-1
ri03es08_boy_5.5m,5.5200000000000005,younger,NSE,Male,reversed,KingMidas_1,2,0,0.8884892086330936,-1
ri03es08_boy_5.5m,5.5200000000000005,younger,NSE,Male,reversed,KingMidas_2,1,0.3559322033898305,0.6186440677966101,-0.2695652173913043
ri03es08_boy_5.5m,5.5200000000000005,younger,NSE,Male,reversed,ThreeBears_1,1,0.10685483870967742,0.5806451612903226,-0.6891495601173021
ri03es08_boy_5.5m,5.5200000000000005,younger,NSE,Male,reversed,ThreeBears_1,2,0.21750663129973477,0.6180371352785146,-0.47936507936507927
ri03es08_boy_5.5m,5.5200000000000005,younger,NSE,Male,reversed,ThreeBears_2,1,0.5101860053144376,0.24446412754650135,0.35211267605633795
ri03es08_boy_5.5m,5.5200000000000005,younger,NSE,Male,reversed,ThreeBears_2,2,0.005291005291005291,0.5873015873015873,-0.9821428571428573
SA11KR15_5M_19D,5.64,younger,NSE,Female,forward,KingMidas_1,1,0.046979865771812075,0.9328859060402684,-0.9041095890410958
SA11KR15_5M_19D,5.64,younger,NSE,Female,forward,KingMidas_1,2,0.053738317757009345,0.933411214953271,-0.8911242603550297
SA11KR15_5M_19D,5.64,younger,NSE,Female,forward,KingMidas_2,1,0.33092876465284043,0.5770964833183048,-0.2711022840119165
SA11KR15_5M_19D,5.64,younger,NSE,Female,forward,KingMidas_2,2,0.46007151370679383,0.3575685339690108,0.12536443148688042
SA11KR15_5M_19D,5.64,younger,NSE,Female,forward,ThreeBears_1,1,0.3631361760660248,0.5089408528198074,-0.16719242902208195
SA11KR15_5M_19D,5.64,younger,NSE,Female,forward,ThreeBears_1,2,0,1,-1
SA11KR15_5M_19D,5.64,younger,NSE,Female,forward,ThreeBears_2,1,0.2633196721311476,0.5717213114754098,-0.36932515337423305
SA11KR15_5M_19D,5.64,younger,NSE,Female,forward,ThreeBears_2,2,0.5157142857142857,0.2671428571428571,0.3175182481751825
SA11KR15_5M_19D,5.64,younger,NSE,Female,reversed,Cinderella_1,1,0.41656942823803966,0.5705950991831972,-0.15602836879432624
SA11KR15_5M_19D,5.64,younger,NSE,Female,reversed,Cinderella_1,2,0.37786259541984724,0.5877862595419847,-0.2173913043478262
SA11KR15_5M_19D,5.64,younger,NSE,Female,reversed,Cinderella_2,1,0.35463258785942486,0.6421725239616614,-0.28846153846153855
SA11KR15_5M_19D,5.64,younger,NSE,Female,reversed,RedRiding_1,1,0.6342592592592593,0.24228395061728394,0.44718309859154937
SA11KR15_5M_19D,5.64,younger,NSE,Female,reversed,RedRiding_1,2,0.2095115681233933,0.601542416452442,-0.48335974643423124
SA11KR15_5M_19D,5.64,younger,NSE,Female,reversed,RedRiding_2,1,0.23219814241486064,0.6408668730650154,-0.4680851063829788
SA11KR15_5M_19D,5.64,younger,NSE,Female,reversed,RedRiding_2,2,0.08108108108108109,0.6314496314496314,-0.7724137931034482
TH05FL18_10M_21D_M,10.8,older,NSE,Female,forward,Cinderella_1,1,0.14026236125126135,0.8072653884964683,-0.703940362087327
TH05FL18_10M_21D_M,10.8,older,NSE,Female,forward,Cinderella_2,1,0.3551587301587302,0.628968253968254,-0.2782258064516129
TH05FL18_10M_21D_M,10.8,older,NSE,Female,forward,Cinderella_2,2,0.2240566037735849,0.6768867924528302,-0.5026178010471204
TH05FL18_10M_21D_M,10.8,older,NSE,Female,forward,RedRiding_1,1,0.43582089552238806,0.5124378109452736,-0.08079748163693598
TH05FL18_10M_21D_M,10.8,older,NSE,Female,forward,RedRiding_1,2,0.1754716981132075,0.7999999999999999,-0.6402321083172148
TH05FL18_10M_21D_M,10.8,older,NSE,Female,forward,RedRiding_2,1,0.1836734693877551,0.5899814471243044,-0.5251798561151081
TH05FL18_10M_21D_M,10.8,older,NSE,Female,forward,RedRiding_2,2,0.027173913043478264,0.6920289855072465,-0.924433249370277
TH05FL18_10M_21D_M,10.8,older,NSE,Female,reversed,KingMidas_1,1,0.09149130832570906,0.7520585544373284,-0.7830802603036876
TH05FL18_10M_21D_M,10.8,older,NSE,Female,reversed,KingMidas_1,2,0.2012847965738758,0.7430406852248395,-0.5736961451247167
TH05FL18_10M_21D_M,10.8,older,NSE,Female,reversed,KingMidas_2,1,0.7268993839835728,0.17659137577002051,0.6090909090909091
TH05FL18_10M_21D_M,10.8,older,NSE,Female,reversed,KingMidas_2,2,0.27760891590678827,0.5714285714285714,-0.34606205250596656
TH05FL18_10M_21D_M,10.8,older,NSE,Female,reversed,ThreeBears_1,1,0.23609534619750283,0.7491486946651533,-0.5207373271889402
TH05FL18_10M_21D_M,10.8,older,NSE,Female,reversed,ThreeBears_2,1,0.11336898395721925,0.8673796791443851,-0.7688113413304253
TH05FL18_10M_21D_M,10.8,older,NSE,Female,reversed,ThreeBears_2,2,0.24083769633507857,0.7008227374719521,-0.4884829229547259
Trinity 8m,9.36,older,SE,Female,forward,KingMidas_1,1,0,1,-1
Trinity 8m,9.36,older,SE,Female,forward,KingMidas_1,2,0.32727272727272727,0.6610389610389611,-0.33771353482260186
Trinity 8m,9.36,older,SE,Female,forward,KingMidas_2,1,0.5411968777103209,0.40242844752818735,0.14705882352941171
Trinity 8m,9.36,older,SE,Female,forward,KingMidas_2,2,0.6063522617901829,0.39364773820981713,0.21270452358036573
Trinity 8m,9.36,older,SE,Female,forward,ThreeBears_1,1,0.45229681978798586,0.3992932862190813,0.06224066390041492
Trinity 8m,9.36,older,SE,Female,forward,ThreeBears_1,2,0.14427312775330395,0.7808370044052864,-0.6880952380952382
Trinity 8m,9.36,older,SE,Female,forward,ThreeBears_2,1,0.3430544896392939,0.5395241749808135,-0.22260869565217392
Trinity 8m,9.36,older,SE,Female,forward,ThreeBears_2,2,0.17279046673286996,0.6971201588877856,-0.6027397260273973
Trinity 8m,9.36,older,SE,Female,reversed,Cinderella_1,1,0.11653116531165313,0.8807588075880759,-0.766304347826087
Trinity 8m,9.36,older,SE,Female,reversed,Cinderella_1,2,0.5152354570637119,0.481994459833795,0.03333333333333329
Trinity 8m,9.36,older,SE,Female,reversed,Cinderella_2,1,0,1,-1
Trinity 8m,9.36,older,SE,Female,reversed,Cinderella_2,2,0.80859375,0.15234375,0.6829268292682927
Trinity 8m,9.36,older,SE,Female,reversed,RedRiding_1,1,0.7586912065439672,0.22903885480572597,0.536231884057971
Trinity 8m,9.36,older,SE,Female,reversed,RedRiding_1,2,0.848421052631579,0.08105263157894738,0.82559456398641
Trinity 8m,9.36,older,SE,Female,reversed,RedRiding_2,1,0.8833333333333333,0.11515151515151516,0.7693474962063733
Trinity 8m,9.36,older,SE,Female,reversed,RedRiding_2,2,0.07104413347685684,0.9289558665231432,-0.8579117330462864
vi11hi18_1027d,10.8,older,NSE,Female,forward,KingMidas_1,1,0.004137931034482759,0.8124137931034483,-0.9898648648648648
vi11hi18_1027d,10.8,older,NSE,Female,forward,KingMidas_1,2,0.006825938566552902,0.9863481228668943,-0.9862542955326461
vi11hi18_1027d,10.8,older,NSE,Female,forward,KingMidas_2,1,0.06614447345517842,0.7737162750217581,-0.8424870466321245
vi11hi18_1027d,10.8,older,NSE,Female,forward,KingMidas_2,2,0.39870340356564016,0.5307941653160454,-0.1421098517872712
vi11hi18_1027d,10.8,older,NSE,Female,forward,ThreeBears_1,1,0.34293193717277487,0.6073298429319371,-0.27823691460055094
vi11hi18_1027d,10.8,older,NSE,Female,forward,ThreeBears_2,1,0.0028708133971291866,0.6650717703349283,-0.9914040114613182
vi11hi18_1027d,10.8,older,NSE,Female,forward,ThreeBears_2,2,0.034782608695652174,0.9515527950310558,-0.9294710327455918
vi11hi18_1027d,10.8,older,NSE,Female,reversed,Cinderella_1,1,0.43707093821510296,0.5160183066361557,-0.0828331332533014
vi11hi18_1027d,10.8,older,NSE,Female,reversed,Cinderella_2,2,0.17903930131004367,0.6179039301310043,-0.5506849315068494
vi11hi18_1027d,10.8,older,NSE,Female,reversed,RedRiding_1,1,0.2098360655737705,0.7234972677595628,-0.5503512880562059
vi11hi18_1027d,10.8,older,NSE,Female,reversed,RedRiding_1,2,0.032188841201716736,0.9334763948497854,-0.9333333333333333
vi11hi18_1027d,10.8,older,NSE,Female,reversed,RedRiding_2,1,0.2972222222222222,0.6444444444444444,-0.36873156342182883
Victoria07_18_17,8.040000000000001,younger,SE,Female,forward,Cinderella_1,1,0,0.778337531486146,-1
Victoria07_18_17,8.040000000000001,younger,SE,Female,forward,Cinderella_1,2,0.031674208144796386,0.77828054298642535,-0.9217877094972067
Victoria07_18_17,8.040000000000001,younger,SE,Female,forward,Cinderella_2,1,0.5789473684210527,0.37280701754385964,0.2165898617511521
Victoria07_18_17,8.040000000000001,younger,SE,Female,forward,Cinderella_2,2,0,0.8613861386138615,-1
Victoria07_18_17,8.040000000000001,younger,SE,Female,forward,RedRiding_1,1,0.2761394101876675,0.5804289544235925,-0.3552425665101722
Victoria07_18_17,8.040000000000001,younger,SE,Female,forward,RedRiding_1,2,0,0.8904639175257731,-1
Victoria07_18_17,8.040000000000001,younger,SE,Female,forward,RedRiding_2,1,0,0.9465240641711229,-1
Victoria07_18_17,8.040000000000001,younger,SE,Female,forward,RedRiding_2,2,0.0176,0.9504,-0.9636363636363637
Victoria07_18_17,8.040000000000001,younger,SE,Female,reversed,KingMidas_1,1,0.04820766378244747,0.6934487021013597,-0.87
Victoria07_18_17,8.040000000000001,younger,SE,Female,reversed,KingMidas_1,2,0,0.9043760129659644,-1
Victoria07_18_17,8.040000000000001,younger,SE,Female,reversed,KingMidas_2,1,0.33423423423423426,0.5720720720720721,-0.2624254473161034
Victoria07_18_17,8.040000000000001,younger,SE,Female,reversed,KingMidas_2,2,0.03901996370235935,0.8103448275862069,-0.908119658119658
Victoria07_18_17,8.040000000000001,younger,SE,Female,reversed,ThreeBears_1,2,0,0.9967845659163987,-1
Victoria07_18_17,8.040000000000001,younger,SE,Female,reversed,ThreeBears_2,1,0.143879173290938,0.6915739268680445,-0.6555661274976212
Victoria07_18_17,8.040000000000001,younger,SE,Female,reversed,ThreeBears_2,2,0,0.9162702188392009,-1
Wells_8mos,8.040000000000001,younger,SE,Female,forward,KingMidas_1,2,0.5183585313174945,0.4125269978401728,0.11368909512761009
Wells_8mos,8.040000000000001,younger,SE,Female,forward,KingMidas_2,1,0.54296875,0.3896484375,0.1643979057591623
Wells_8mos,8.040000000000001,younger,SE,Female,forward,KingMidas_2,2,0.5115384615384616,0.4064102564102564,0.11452513966480454
Wells_8mos,8.040000000000001,younger,SE,Female,forward,ThreeBears_1,1,0.6111111111111112,0.34490740740740744,0.2784503631961259
Wells_8mos,8.040000000000001,younger,SE,Female,forward,ThreeBears_1,2,0.4408602150537634,0.3691756272401433,0.08849557522123896
Wells_8mos,8.040000000000001,younger,SE,Female,forward,ThreeBears_2,1,0.5689223057644109,0.3358395989974937,0.2576177285318559
Wells_8mos,8.040000000000001,younger,SE,Female,forward,ThreeBears_2,2,0.3783333333333333,0.405,-0.03404255319148944
Wells_8mos,8.040000000000001,younger,SE,Female,reversed,Cinderella_1,1,0.6156542056074766,0.2651869158878504,0.3978779840848807
Wells_8mos,8.040000000000001,younger,SE,Female,reversed,Cinderella_2,1,0.38819875776397517,0.6086956521739131,-0.22118380062305298
Wells_8mos,8.040000000000001,younger,SE,Female,reversed,Cinderella_2,2,0.40217391304347827,0.4239130434782608,-0.02631578947368413
Wells_8mos,8.040000000000001,younger,SE,Female,reversed,RedRiding_1,1,0.47282608695652173,0.40036231884057977,0.08298755186721983
Wells_8mos,8.040000000000001,younger,SE,Female,reversed,RedRiding_1,2,0.5188172043010753,0.31451612903225806,0.24516129032258066
Wells_8mos,8.040000000000001,younger,SE,Female,reversed,RedRiding_2,1,0.709051724137931,0.26293103448275856,0.4589800443458981
Wells_8mos,8.040000000000001,younger,SE,Female,reversed,RedRiding_2,2,0.6155268022181146,0.2384473197781885,0.44155844155844165
WY06WE01_10M_17D,10.8,older,NSE,Male,forward,Cinderella_1,2,0.003048780487804878,0.8475609756097561,-0.992831541218638
WY06WE01_10M_17D,10.8,older,NSE,Male,forward,Cinderella_2,1,0.16136363636363638,0.6818181818181819,-0.6172506738544474
WY06WE01_10M_17D,10.8,older,NSE,Male,forward,RedRiding_1,1,0.058943089430894303,0.8658536585365852,-0.8725274725274724
WY06WE01_10M_17D,10.8,older,NSE,Male,forward,RedRiding_2,1,0.078125,0.8515625,-0.8319327731092437
WY06WE01_10M_17D,10.8,older,NSE,Male,reversed,KingMidas_1,1,0.22272727272727275,0.4848484848484848,-0.3704496788008565
WY06WE01_10M_17D,10.8,older,NSE,Male,reversed,KingMidas_2,1,0.3408521303258145,0.5588972431077694,-0.24233983286908084
WY06WE01_10M_17D,10.8,older,NSE,Male,reversed,KingMidas_2,2,0.41996557659208256,0.5266781411359723,-0.11272727272727268
WY06WE01_10M_17D,10.8,older,NSE,Male,reversed,ThreeBears_2,2,0.3218623481781377,0.5647773279352227,-0.273972602739726
za05da21_6m_15days_Squirmy,6.48,younger,NSE,Male,forward,KingMidas_1,2,0,0.2247191011235955,-1
za05da21_6m_15days_Squirmy,6.48,younger,NSE,Male,forward,KingMidas_2,1,0.21346886912325283,0.1905972045743329,0.0566037735849056
za05da21_6m_15days_Squirmy,6.48,younger,NSE,Male,forward,KingMidas_2,2,0.41362530413625304,0.3795620437956204,0.04294478527607364
za05da21_6m_15days_Squirmy,6.48,younger,NSE,Male,forward,ThreeBears_1,2,0.15171650055370983,0.1273532668881506,0.08730158730158727
za05da21_6m_15days_Squirmy,6.48,younger,NSE,Male,forward,ThreeBears_2,2,0.8406374501992032,0.05378486055776892,0.87973273942093555
za05da21_6m_15days_Squirmy,6.48,younger,NSE,Male,reversed,Cinderella_1,1,0.22972972972972971,0.5621621621621621,-0.4197952218430034
za05da21_6m_15days_Squirmy,6.48,younger,NSE,Male,reversed,Cinderella_2,1,0.44660194174757284,0.2621359223300971,0.26027397260273977
za05da21_6m_15days_Squirmy,6.48,younger,NSE,Male,reversed,RedRiding_2,1,0.8054474708171206,0.0038910505836575876,0.9903846153846154
